[
    {
        "title": "morocco germany seal climate energy alliance",
        "url": "https://northafricapost.com/78429-morocco-germany-seal-climate-energy-alliance.html",
        "date": "June 29 2024",
        "content": "morocco germany signed climate energy alliance includes cooperation green hydrogen morocco attache utmost importance energy diversification plansthe alliance signed foreign minister nasser bourita german development minister svenja schulze berlinhydrogen key germany goal reach carbon neutrality 2045 lack enough land renewable resource germany expects import 70 need hydrogenmorocco made public offer foreign investor field green hydrogen dedicated first stage 300000 hectare integrated hydrogen production project designed domestic market exportsmorocco best condition energy transition production green hydrogen germany want import hydrogen schulze said statementwe want fairly partnership morocco also drive forward energy transition get fair share value chain future addedspeaking later day press conference german peer annalena baerbock bourita expressed morocco strong commitment foster closer tie germany essential european partnerthe two country reaffirmed advocate ambitious international commitment combat effect climate change encourage action favor mitigation effect accelerate energy transition read joint declaration end bouritas visit berlinthe visit also chance highlight cooperation prospect legal migration woman empowerment education african developmentgerman foreign minister also reiterated country support morocco autonomy plan serious credible effort morocco good basis solution sahara issueduring visit berlin bourita cochaired german peer annalena baerbock first session multidimensional strategic dialogue two country",
        "source": "africa"
    },
    {
        "title": "morocco turkey cooperate energy mining",
        "url": "https://northafricapost.com/78400-morocco-turkey-to-cooperate-in-energy-mining.html",
        "date": "June 28 2024",
        "content": "morocco turkey agreed foster cooperation field mining energy including innovative field green hydrogenthe deal signed morocco energy minister laila benali turkish peer alparslan bayraktar also agreed cooperate electricity distribution decarbonization energy efficiencythe two party also highlighted need promote use artificial intelligence geological research well seismic monitoringspeaking following signature turkish minister underscored potential cooperation two country share longstanding tiesmorocco turkey face surge electricity demand well ambitious environmental goal saidenergy cooperation would add momentum growing tie two country said benali noting morocco forging ahead renewable energy natural gas plansmorocco aim renewable energy represent 52 electricity mix 2030 plan set lng terminal nadors portthe two country already signed free trade agreement respective citizen enjoy visa free entry",
        "source": "africa"
    },
    {
        "title": "germany hail moroccan king contribution peace stability region closely follows royal initiative enable sahel state access atlantic ocean",
        "url": "https://northafricapost.com/78416-germany-hails-moroccan-kings-contribution-to-peace-and-stability-in-the-region-closely-follows-royal-initiative-to-enable-sahel-states-access-atlantic-ocean.html",
        "date": "June 28 2024",
        "content": "germany commended social economic reform carried morocco kingdom active contribution peace stability region leadership king mohammed vi said closely following royal initiative meant enable sahel state access atlantic ocean germany welcomed reform carried morocco leadership hm king mohammed vi open dynamic moroccan society economy state joint declaration adopted berlin friday 1st session multidimensional strategic dialogue cochaired german foreign minister annalena baerbock moroccan peer nasser bouritain declaration germany also praised morocco active constructive role contribution peace stability regionin vein berlin reaffirmed germany vision morocco essential partner european union nato germany africa crucial link north southgermany also indicated closely following initiative launched king mohammed vi african continent including royal initiative meant enable atlantic ocean access sahel statesgermany closely following initiative launched hm king mohammed vi african continent including november 6 2023 sahel region aimed facilitating access atlantic ocean country region underline joint declarationat end first session dialogue two official reaffirmed joint news conference shared interest pursuing implementation joint declaration strengthening multifaceted partnership policy areasthey also reaffirmed desire develop bilateral economic trade relation encouraged economic player join endeavor underlining morocco significant investment potential highlighted moroccan investment charterin field migration cooperation two foreign minister expressed support work bilateral joint migration group held inaugural session january 23 2024 welcomed regular working meetingsthey agreed reducing irregular migration common challenge requires comprehensive approach guaranteeing international human right standard thus agreed continue improving professional mobility legal migration return readmission reintegrationin term security cooperation welcomed joint declaration signed interior minister october 31 2023 aimed resuming cooperation area domestic policythey stressed shared ambition deepen dialogue tackle terrorism security challenge together notably within global coalition daesh global counterterrorism forumthey underlined fruitful cooperation field climate policy biodiversity renewable energy green hydrogen intensified strategic levellikewise bourita baerbock agreed promote bilateral cooperation cultural academic field strengthen tie two country peoplesthey also placed particular emphasis promoting regional international peace security strengthening multilateral institutionsthe multidimensional strategic dialogue held every two year alternately morocco germany chaired foreign minister countriesthis strategic dialogue based shared value mutual respect aim establishing principle foundation relation morocco germany defining base developed safeguarding priority interest partiesit serf basis moving forward bilateral relation strengthening coherence different area bilateral cooperationit also act platform discussion consultation strategic matter mutual interest including regional international security development issue",
        "source": "africa"
    },
    {
        "title": "panafrican parliament make several recommendation backing royal africaatlantic initiative",
        "url": "https://northafricapost.com/78394-pan-african-parliament-makes-several-recommendations-backing-royal-africa-atlantic-initiative.html",
        "date": "June 28 2024",
        "content": "africa atlantic initiative launched king mohammed vi presented thursday june 27 panafrican parliament pap meeting trade custom immigration commission panafrican legislative institution holding 3rd ordinary session 6th legislature june 24 july 5 institution headquarters midrand south africafollowing presentation ensuing debate royal atlantic initiative participating african mp made several recommendation including creation parliamentary working group king mohammed vi initiative atlantic africa sahel country visit morocco november 2024 conference theme atlantic africa catalyst space afcfta next session papthe african deputy also requested president pap appoint honorary ambassador atlantic africa sahel initiativethe presentation made mr hanaa benkhair member chamber advisor member pap theme moroccan initiative atlantic africa sahel country opportunity continent followed keen interest african mp strategic initiative meant strengthen cooperation stability economic development atlantic africa regionthe initiative offer real opportunity african country significant positive impact many sector activity moroccan counsellor noted explained particularly concern african continental free trade area afcfta improvement logistical mechanism facilitating trade african country economic growth see average annual increase foreign direct investment 5the royal initiative also expected enable establishment continental value chain industrial ecosystem thus promoting african cooperation based principle codevelopment expansion trade african country rest world well sharing knowledge exchange best practice among continent country optimize logistical commercial efficiencythis initiative increase operational flow port atlantic africa maritime space especially development road rail connectivity landlocked countriesthe atlantic africa region crucial global trade encompassing 23 nation significant economic demographic weight mr hanaa benkhair noted highlighting many african port tangier dakhla lagos dakar luanda cape town essential international trade besides fact increase regional competitiveness economic attractivenessin addition hanaa benkhair elected general union moroccan worker ugtm moroccan parliament represented new session pap laila dahi national rally independent rni khadija arouhal party progress socialism pps abdessamad haiker justice development party pjdthe panafrican parliament consultative assembly african union brings together deputy member country officially inaugurated march 18 2004 member state represented five parliamentarian majority opposition including least one woman elected appointed national parliament legislative body",
        "source": "africa"
    },
    {
        "title": "family code revision morocco king refers proposal higher council ulema",
        "url": "https://northafricapost.com/78410-family-code-revision-moroccos-king-refers-proposals-to-higher-council-of-ulema.html",
        "date": "June 28 2024",
        "content": "king mohammed vi commander faithful chairman higher council ulema gave friday instruction council examine proposal put forward body charge revising family code based principle precept islam tolerance submit fatwa regard sovereign appreciationa statement issued royal office said referral come body charge revising family code accomplished mission within deadline submitted proposal high appreciation monarchas proposal related religious text sovereign decided refer matter higher council ulema accordance article 41 constitution body entitled issue officially approved fatwa added statementthe sovereign called higher council ulema take account elaboration fatwa content royal letter addressed head govt call adopting virtue moderation open constructive ijtihad taking consideration norm repeatedly advocated king order avoid permitting forbidden forbid halal",
        "source": "africa"
    },
    {
        "title": "germany deems moroccan autonomy plan sahara good basis definitive solution",
        "url": "https://northafricapost.com/78413-germany-deems-moroccan-autonomy-plan-for-sahara-as-good-basis-for-definitive-solution.html",
        "date": "June 28 2024",
        "content": "germany considers moroccan autonomy plan good basis good foundation final settlement sahara conflict said friday berlin german federal foreign minister annalena baerbockspeaking press conference held end first session bilateral strategic dialogue morocco germany cochaired moroccan peer nasser bourita baerbock highlighted relevance moroccan autonomy initiativeshe also reiterated country support effort find political solution sahara conflicton friday bourita baerbock held first session bilateral strategic dialogue accordance joint declaration adopted occasion baerbocks visit morocco august 2022",
        "source": "africa"
    },
    {
        "title": "morocco offer state guaranteed loan upgrade hotel",
        "url": "https://northafricapost.com/78403-morocco-to-offer-state-guaranteed-loans-to-upgrade-hotels.html",
        "date": "June 28 2024",
        "content": "morocco plan upgrade 25000 room stateguaranteed loan 2025 country host african cup nation ahead 2030 world cup tourism ministry saidhotels wishing apply could receive 100 million dirham 10 million loan whose interest paid state ministry said statementthe program dubbed cap hospitality backed mohammed vi investment fund expected generate investment worth 4 billion dirham saidmoroccos tourism sector poised outperform last year record arrival 6 million tourist five month year tourism minister fatima ezzahra ammour said earlier monththe number arrival 770000 higher compared period last year morocco continues attract international hotel brand invest country minister told member upper housein 2023 135 international hotel opened branch morocco bolstering country offer saidthe minister also charge handicraft noted moroccan craftsman shed covid19 dust sector registered 11 billion dirham export last yeartourism continues represent 7 morocco gdp employ 25 million people directly indirectly saidmorocco tourism promotion roadmap aim invest 61 billion dirham attract 175 million tourist 2026 26 million tourist 2030in two year sector able generate revenue worth 120 billion dirham hard currency moroccan official said",
        "source": "africa"
    },
    {
        "title": "moroccan diplomacy outperforms algeria sahel wilson center",
        "url": "https://northafricapost.com/78406-moroccan-diplomacy-outperforms-algeria-in-the-sahel-wilson-center.html",
        "date": "June 28 2024",
        "content": "every step forward morocco make foster tie sahel algeria make step backwards say analysis published washingtonbased wilson centermorocco even returning african union built strong winwin basis tie sahel country multipronged strategy combine softpower investment defense cooperation drew support rabat say analysis safae al yaaqoubi center senior policy analyst north africa middle east expertin contrast algeria selfserving foreign policy goal dealing sahel centered gathering support polisario separatist anachronistic agenda leading algiers selfisolation pursues chimera maghreb union without morocco analyst saidlooking future african continent move towards greater economic pragmatism shed ideological relic past algeria path isolation making unable promote benefit regional integration saidprospects increasingly bleak eventual depletion oil revenue making difficult shape regional politics desire especially inflexible outdated mindsetmoroccos role catalyst development stabilization present compelling opportunity collaboration progress ensuring prosperous secure future region continent analyst addedafter highlighting long presence morocco major bank company sahel el yaaqoubi pointed relevance atlantic initiative launched morocco king help landlocked sahel country access maritime global trade promote regional integrationshe said initiative cement moroccan pragmatic approach tie sahel rabat also see boost influence regional integration energy project including nigeriamorocco gas pipeline",
        "source": "africa"
    },
    {
        "title": "moroccofrance cooperation fight terrorism organized crime exchange intelligence discussed paris",
        "url": "https://northafricapost.com/78438-morocco-france-cooperation-in-the-fight-against-terrorism-organized-crime-exchange-of-intelligence-discussed-in-paris.html",
        "date": "June 29 2024",
        "content": "mean way strengthen moroccanfrench cooperation fight terrorism organized crime promote coordination exchange intelligence various threat posed extremist organization transnational crime network focus talk held paris week directorgeneral national security dgsn territorial surveillance dgst mr abdellatif hammouchi official several french security servicesabdellatif hammouchi paid working visit paris june 2628 official invitation french security service held talk french counterpart national police internal security well directorgeneral external security france awarded gold medal honor french national policemoroccanfrench talk focused mechanism strengthen bilateral cooperation various security field mutual interest said dgsndgst statement made public fridaythe dgsndgst chief held series meeting cline berthon nicolas lerner respectively directorgeneral internal security directorgeneral external security francethe talk explored mean way strengthen cooperation fight terrorism organized crime promote coordination exchange intelligence operational data various threat posed extremist organization transnational crime network statement saidhammouchi also held intensive discussion frderic veaux director general french national police examined mechanism advanced cooperation coordination two side various security field special focus laid development proactive mechanism risk assessment data exchange perspective joint action securing 2024 summer olympic game paris statement notedin tribute exemplary moroccofrance cooperation various security area dgsndgst directorgeneral awarded gold medal honor french national police recognition effort consolidate bolster security cooperationthe visit provided opportunity french moroccan side discus way strengthen cooperation wide range area combat transnational crime especially smuggling narcotic drug psychotropic substance illegal migration human trafficking network well practical mechanism cooperation implementing joint security measure operationsthe visit attests importance boosting security cooperation morocco france share many bilateral action coordination program face common security challenge statement addedit also part engagement moroccan security service international security cooperation ensure effective contribution combating terrorist criminal threat regional international level",
        "source": "africa"
    },
    {
        "title": "family code morocco bar road individual extremist interpretation",
        "url": "https://northafricapost.com/78426-family-code-morocco-bars-road-for-individual-extremist-interpretations.html",
        "date": "June 29 2024",
        "content": "submitting provision new family code examined higher ulema council constitutional body representing moroccan muslim scholar king mohammed vi bar road individual interpretation extremist exploitation law evolve line social developmentsthe council shall issue fatwa religious interpretation issue contained new code submitted king committee charge code revision following series consultation moroccan civil society stakeholder political party religious scholarsthe monarch quality commander faithful urged new code line precept islam lofty value moderation openness ijtihad issuing ruling current issue compatibility islamic principlesthe issuance fatwa time cut short individual interpretation take account social reality evolution society take consideration purpose religion maqasid evolve time wrote le360 news outlet citing informed sourcehence referral higher ulema council constitutional body entitled issue fatwa compatibility decision current issue islamic valuesthe council entrusted similar mission past case fatwa temporary closure mosque due covid19 pandemic fatwa woman access profession adoul fatwa use cannabis medical therapeutic industrial purpose le360 recalled",
        "source": "africa"
    }
]